{"patients": [471.0, 1233.0, 1249.0, 1849.0, 1994.0, 2131.0, 2278.0, 2389.0, 2849.0, 2937.0, 3529.0, 5037.0, 5122.0, 5338.0, 6229.0, 6428.0, 7577.0, 7729.0, 8728.0, 9517.0, 9881.0], "preds": [1.9784390840884254, 2.3764975596359617, 1.7901009549873956, 1.0200455387741332, -0.07031462017258572, 2.3160417233284116, 0.976289462421315, 1.5174294158784019, 1.6568606970166362, 0.5177043843436993, 0.18306615709364138, 2.5549003326048543, 1.4302373990694492, 0.16083285417715976, 2.4819228349836715, 0.800634775697135, 2.8389636272375682, 2.6480619916517254, 0.8608337461287956, 0.19621783040669616, 0.8782858342526318], "true": [2.079441541679836, 2.4849066497880004, 1.791759469228055, 1.3862943611198906, 0.0, 2.302585092994046, 1.3862943611198906, 2.4849066497880004, 1.6094379124341005, 0.0, 0.0, 2.302585092994046, 1.6094379124341005, 0.0, 1.791759469228055, 0.6931471805599453, 1.791759469228055, 2.8903717578961645, 1.3862943611198906, 0.0, 1.0986122886681098], "variance_explained": 0.7899448287913414, "rmse": {"baseline": 0.9154967187613872, "held-out": 0.4195884075047292}, "mse": {"baseline": 0.8381342420628665, "held-out": 0.1760544317123547}, "mae": {"baseline": 0.9154967187613872, "held-out": 0.4195884075047292}}
